,brand,model
1,AC,AC Ace
3,AC,AC 3000ME
5,AC,AC 428
7,AC,AC Cobra
9,AC,AC 427
11,AC,AC Greyhound
13,AC,AC Petite
15,AC,AC 2 Litre
17,AC,AC Acedes
19,AC,AC Aceca
21,AC,AC Six
23,AC,AC 16
25,AC,AC 12
27,AC,AC 10
29,Abarth,Abarth 124 Spider
31,Abarth,Abarth Grande Punto
33,Abarth,Abarth Punto Evo
35,Abarth,Abarth 500C
37,Abarth,Abarth 500
39,Abarth,Abarth Monotipo 98
41,Abarth,Abarth 1000 TC
43,Abarth,Abarth 2000
45,Abarth,Abarth 1600
47,Abarth,Abarth 1300
49,Abarth,Abarth OT 2000
51,Abarth,Abarth OTR 1000
53,Abarth,Abarth OT 1300
55,Abarth,Abarth OT 1000
57,Abarth,Abarth OT 1600
59,Abarth,Abarth Simca
61,Abarth,Abarth 595
63,Abarth,Abarth 2400
65,Abarth,Abarth Monomille
67,Abarth,Abarth 850
69,Abarth,Abarth 700
71,Abarth,Abarth 1000
73,Abarth,Abarth 800
75,Abarth,Abarth 2200
77,Abarth,Abarth 500 GT Coupe Zagato
79,Abarth,Abarth 500 Coupe Pininfarina
81,Abarth,Abarth 750
83,Abarth,Abarth 208 A
85,Abarth,Abarth 210 A
87,Abarth,Abarth 207 A
89,Abarth,Abarth 209 A
91,Abarth,Abarth Coupe Sport 2000 Ghia
93,Abarth,Abarth Renault
95,Abarth,Abarth 103 GT Coupe Ghia
97,Abarth,Abarth 1500 Biposto
99,Abarth,Abarth 205 A
101,Abarth,Abarth 204 A
103,Aixam,Aixam Evolution
105,Acura,Acura TSX
107,Acura,Acura TL
109,Acura,Acura RL
111,Acura,Acura RDX
113,Acura,Acura MDX
115,Acura,Acura CL
117,Acura,Acura SLX
119,Acura,Acura Legend
121,Acura,Acura Integra
123,Acura,Acura RSX
125,Acura,Acura ZDX
127,Alpina,Alpina 3 Series
129,Alpina,Alpina E21 3 Series
131,Alpina,Alpina 5 Series
133,Alfa,Alfa Romeo MiTo
135,Alfa,Alfa Romeo Giulietta
137,Alfa,Alfa Romeo Giulia
139,Alfa,Alfa Romeo Stelvio
141,Alfa,Alfa Romeo 4C
143,Alfa,Alfa Romeo 8C Competizione
145,Alfa,Alfa Romeo 33
147,Alfa,Alfa Romeo 75
149,Alfa,Alfa Romeo 90
151,Alfa,Alfa Romeo 145 / 146
153,Alfa,Alfa Romeo 147
155,Alfa,Alfa Romeo 155
157,Alfa,Alfa Romeo 156
159,Alfa,Alfa Romeo 159
161,Alfa,Alfa Romeo 164
163,Alfa,Alfa Romeo 166
165,Alfa,Alfa Romeo GT
167,Alfa,Alfa Romeo Brera
169,Alfa,Alfa Romeo GTV
171,Alfa,Alfa Romeo Spider
173,Alfa,Alfa Romeo Zagato
175,Alfa,Alfa Romeo Alfetta GTV
177,Alfa,Alfa Romeo GTV6
179,Alfa,Alfa Romeo Sprint
181,Alfa,Alfa Romeo Concepts
183,Alfa,Alfa Romeo 2000
185,Alfa,Alfa Romeo 2600
187,Alfa,Alfa Romeo 1900
189,Alfa,Alfa Romeo 6C
191,Alfa,Alfa Romeo Arna
193,Alfa,Alfa Romeo Alfetta
195,Alfa,Alfa Romeo 6
197,Alfa,Alfa Romeo Alfasud
199,Alfa,Alfa Romeo Alfetta GT
201,Alfa,Alfa Romeo 33 Stradale
203,Alfa,Alfa Romeo 8C
205,Alfa,Alfa Romeo RL
207,Alpine,Alpine A110 2018
209,Alpine,Alpine A310
211,Alpine,Alpine A610
213,Alfa,Alfa Romeo RM
215,Alfa,Alfa Romeo 2300
217,Alfa,Alfa Romeo 1900M
219,Alfa,Alfa Romeo 1750 GTV
221,AMC,AMC Eagle
223,AMC,AMC Pacer
225,AMC,AMC Gremlin
227,Alpine,Alpine GTA
229,Alpine,Alpine A110
231,Alpine,Alpine A106
233,Alpine,Alpine A108
236,Alfa,Alfa Romeo 1750 Berlina
238,AMC,AMC Javelin II
240,AMC,AMC Ambassador
241,Alpine,Alpine Coupe
243,Alpine,Alpine Berlinette
245,Alpine,Alpine Cabriolet
247,AMC,AMC Javelin I
249,Ariel,Ariel Atom 2
251,Ariel,Ariel Atom
253,Ariel,Ariel 30hp (Ariel Birmingham)
255,Autobianchi,Autobianchi A 112
257,Autobianchi,Autobianchi Primula
259,Autobianchi,Autobianchi Stellina
261,Autobianchi,Autobianchi Bianchina
263,Aston,Aston Martin DBX
265,Aston,Aston Martin DBS Superleggera
267,Aston,Aston Martin DBS Superleggera Volante
269,Aston,Aston Martin DB11 Volante
271,Aston,Aston Martin Vantage 2019
273,Aston,Aston Martin DB11
275,Aston,Aston Martin Vanquish II
277,Aston,Aston Martin V12 Zagato
279,Aston,Aston Martin Cygnet
281,Aston,Aston Martin One 77
283,Aston,Aston Martin Virage II
285,Aston,Aston Martin Rapide
287,Aston,Aston Martin Vantage
289,Aston,Aston Martin DBS
291,Aston,Aston Martin V8 Vantage
293,Aston,Aston Martin Vanquish
295,Aston,Aston Martin DB9
297,Aston,Aston Martin DB7 Coupe
299,Aston,Aston Martin DB7 Volante
301,Aston,Aston Martin V8 (V600)
303,Aston,Aston Martin Volante
305,Aston,Aston Martin Virage
307,Aston,Aston Martin V8
309,Aston,Aston Martin Lagonda
311,Aston,Aston Martin DB6
313,Aston,Aston Martin DB5
315,Aston,Aston Martin DB4
317,Aston,Aston Martin DB3
319,Aston,Aston Martin 15 hp
321,Audi,Audi A1
323,Audi,Audi A3
325,Audi,Audi A4
327,Audi,Audi A5
329,Audi,Audi A6
331,Audi,Audi A7
333,Audi,Audi A8
336,BAC,BAC Mono
337,Audi,Audi e-tron
339,Audi,Audi Q2
341,Austin,Austin Montego
344,Audi,Audi Q3
346,Audi,Audi Q5
348,Audi,Audi Q7
350,Audi,Audi Q8
352,Audi,Audi TT
354,Austin,Austin Healey Sprite
356,Austin,Austin Healey 3000
358,Austin,Austin Maestro
360,Austin,Austin Ambassador
362,Austin,Austin Metro
364,Austin,Austin Maxi 2
367,Audi,Audi R8
369,Audi,Audi A2 (8Z)
371,Audi,Audi Concept Cars
373,Audi,Audi 80
375,Austin,Austin Healey Sprite mk1
377,Austin,Austin Healey 100/6
379,Austin,Austin Healey 100 M
380,Austin,Austin Allegro 3
382,Austin,Austin Allegro 2
384,Austin,Austin Allegro
386,Austin,Austin Maxi
387,Audi,Audi 90
389,Audi,Audi Coupe
391,Audi,Audi 100
394,Austin,Austin Healey 100 BN2
396,Austin,Austin Healey 100 S
399,Austin,Austin Mini
401,Austin,Austin A60
403,Austin,Austin A110 Westminster
405,Austin,Austin A40 Farina Mark II Countryman
407,Audi,Audi 200
409,Audi,Audi Quattro
411,Audi,Audi Cabriolet (B4)
412,Austin,Austin Healey 100 BN1
413,Austin,Austin A55 Cambridge
415,Austin,Austin A99 Westminster 
417,Austin,Austin A40 Farina Mark I
419,Audi,Audi V8
421,Audi,Audi 60 (F103)
424,Austin,Austin A35
426,Austin,Austin A95 Westminster 
428,Austin,Austin A40 Cambridge
429,Audi,Audi 75 (F103)
431,Audi,Audi 100 Coupe S
433,Austin,Austin A40 Somerset
435,Austin,Austin A30
437,Austin,Austin A135 Princess
439,Austin,Austin A70
442,Bentley,Bentley Continental GT
444,Bentley,Bentley Continental GTC
446,Austin,Austin A40 Sports
448,Austin,Austin A90 Atlantic
450,Austin,Austin A125 Sheerline
452,Austin,Austin A40 Devon / Dorset
453,Bentley,Bentley Flying Spur III
455,Bentley,Bentley Mulsanne II 2016
457,Bentley,Bentley Bentayga
459,Bentley,Bentley Flying Spur
461,Bizzarrini,Bizzarrini GTS
463,Bizzarrini,Bizzarrini Manta
465,Bizzarrini,Bizzarrini GT
467,Bentley,Bentley Mulsanne II
469,Bentley,Bentley Brooklands 2008
471,Bentley,Bentley Azure II
473,Bentley,Bentley Continental Flying Spur
475,Bentley,Bentley Arnage
477,Bentley,Bentley Azure
479,Bentley,Bentley Brooklands
481,Bentley,Bentley Continental R
484,Bertone,Bertone Pandion
486,Bertone,Bertone Birusa
488,Bentley,Bentley Continental
490,Bentley,Bentley Turbo R
492,Bentley,Bentley Mulsanne
494,Bentley,Bentley Corniche
496,Bertone,Bertone Blitz
498,Bertone,Bertone Freeclimber
500,Bertone,Bertone Nivola
502,Bertone,Bertone Ritmo
503,Bentley,Bentley 8 Litre
505,Bertone,Bertone X 1/9
507,Bertone,Bertone Stratos
509,BMW,BMW i3
511,BMW,BMW 1 Series
513,BMW,BMW 2 Series
515,BMW,BMW 3 Series
517,BMW,BMW 4 Series
519,BMW,BMW 5 Series
521,Bugatti,Bugatti Chiron
523,Bugatti,Bugatti Divo
525,BMW,BMW 6 Series
527,BMW,BMW 7 Series
529,BMW,BMW 8 series
531,BMW,BMW X1
533,Bugatti,Bugatti EB 16.4
535,Bugatti,Bugatti EB 110
538,BMW,BMW X2 F39
540,BMW,BMW X3
542,BMW,BMW X4
544,Buick,Buick Regal V
546,Bugatti,Bugatti Type 57
548,Bugatti,Bugatti Type 49
551,BMW,BMW X5
553,BMW,BMW X6
555,BMW,BMW X7 G07
558,BMW,BMW Isetta 300 Motocoupe
560,BMW,BMW Isetta 600
561,Buick,Buick Excelle
563,Buick,Buick Verano
565,Buick,Buick LaCrosse II
567,Buick,Buick Enclave
569,Bugatti,Bugatti Type 46
571,Bugatti,Bugatti Type 35
573,BMW,BMW Z1
575,BMW,BMW Z3
577,BMW,BMW Z4
579,BMW,BMW Z8
580,Buick,Buick Lucerne
582,Buick,Buick LaCrosse I
584,Buick,Buick Velite
586,Buick,Buick Century VI
587,Bristol,Bristol Fighter
589,Bristol,Bristol Brigand
591,Bristol,Bristol Britannia
593,Bristol,Bristol 412
596,BMW,BMW Concept Cars
598,BMW,BMW E06
600,BMW,BMW E9
603,Buick,Buick Regal IV
605,Buick,Buick Rainier
607,Buick,Buick Rendezvous
609,Bristol,Bristol 603
611,Bristol,Bristol 411
613,Bristol,Bristol 410
615,Bristol,Bristol 408
616,BMW,BMW E10
618,BMW,BMW E20
620,BMW,BMW E26
622,Buick,Buick Regal III
624,Buick,Buick Park Avenue I
626,Buick,Buick Century V
628,Buick,Buick Regal II
630,Bristol,Bristol 407
632,Bristol,Bristol 406
634,Bristol,Bristol 405
636,BMW,BMW 303 Platform
638,BMW,BMW 326 Platform
640,BMW,BMW 2000
643,Buick,Buick Riviera
645,Buick,Buick Wildcat
647,Buick,Buick Century IV
649,Bristol,Bristol 404
651,Bristol,Bristol 403
653,Bristol,Bristol 402
655,Bristol,Bristol 401
656,BMW,BMW 2000 TI Coupe
658,BMW,BMW 2004
660,BMW,BMW 2600
662,Buick,Buick XP 300
664,Bristol,Bristol 450
666,Bristol,Bristol 400
667,BMW,BMW 3000 GT Frua
669,BMW,BMW 3200 CS Coupe
671,BMW,BMW 328
673,BMW,BMW 501
675,BMW,BMW 502
677,BMW,BMW 503
679,BMW,BMW 507
681,BMW,BMW 700
683,BMW,BMW GT Frua
685,BMW,BMW New Class
687,BMW,BMW New Class Coupe
689,BMW,BMW Type 114
691,BYD,BYD F0
693,BYD,BYD E6
695,BYD,BYD F1
697,BYD,BYD F8
699,BYD,BYD F3
701,Cadillac,Cadillac CT4
703,Cadillac,Cadillac CT5
705,Cadillac,Cadillac CT6
707,Cadillac,Cadillac XT4
709,Cadillac,Cadillac XT5
711,Cadillac,Cadillac XT6
713,Cadillac,Cadillac Escalade
715,Cadillac,Cadillac ATS
717,Cadillac,Cadillac BLS
719,Cadillac,Cadillac CTS
721,Cadillac,Cadillac DTS
723,Cadillac,Cadillac SRX
725,Cadillac,Cadillac STS
727,Cadillac,Cadillac XLR
729,Cadillac,Cadillac Eldorado
731,Cadillac,Cadillac Seville
733,Cadillac,Cadillac DeVille
735,Cadillac,Cadillac Fleetwood
737,Cadillac,Cadillac V Sixteen
739,Cadillac,Cadillac Cien
741,Cadillac,Cadillac Catera
743,Cadillac,Cadillac Evoq
745,Cadillac,Cadillac Allante
747,Cadillac,Cadillac Cimarron
749,Cadillac,Cadillac Series 62
751,Cadillac,Cadillac Series 70
753,Cadillac,Cadillac V16
755,Cadillac,Cadillac Type 55
757,Cadillac,Cadillac Model T
759,Cadillac,Cadillac Model G
761,Cadillac,Cadillac Model D
763,Cadillac,Cadillac Model C
765,Cadillac,Cadillac Osceola
767,Cadillac,Cadillac Model B
769,Cadillac,Cadillac Model A
771,Cadillac,Cadillac 6.5 hp
773,Chevrolet,Chevrolet Equinox (3rd Gen)
775,Chevrolet,Chevrolet Corvette
777,Chevrolet,Chevrolet Matiz
779,Chevrolet,Chevrolet Aveo
781,Chevrolet,Chevrolet Lumina
783,Chevrolet,Chevrolet Blazer
785,Chevrolet,Chevrolet Impala
787,Chevrolet,Chevrolet Nubira
789,Chevrolet,Chevrolet Camaro
791,Chevrolet,Chevrolet Malibu
793,Chevrolet,Chevrolet El Camino
795,Chevrolet,Chevrolet Monte Carlo
797,Chevrolet,Chevrolet Cavalier
799,Chevrolet,Chevrolet Silverado 1500 Regular Cab
801,Chevrolet,Chevrolet Silverado 1500 Crew Cab
803,Chevrolet,Chevrolet Silverado 1500 Double Cab
805,Chevrolet,Chevrolet Classic
807,Chevrolet,Chevrolet Prisma
809,Chevrolet,Chevrolet Orlando
811,Chevrolet,Chevrolet Celta
813,Chevrolet,Chevrolet Spark
815,Chevrolet,Chevrolet HHR
817,Chevrolet,Chevrolet Volt
819,Chevrolet,Chevrolet Epica
821,Chevrolet,Chevrolet Lacetti
823,Chevrolet,Chevrolet Captiva
825,Chevrolet,Chevrolet Tacuma
827,Chevrolet,Chevrolet Kalos
829,Chevrolet,Chevrolet Evanda
831,Chevrolet,Chevrolet Cobalt
833,Chevrolet,Chevrolet SSR
835,Chevrolet,Chevrolet Alero
837,Chevrolet,Chevrolet Trailblazer
839,Chevrolet,Chevrolet Tahoe II
841,Chevrolet,Chevrolet Trans Sport
843,Chevrolet,Chevrolet Beretta
845,Chevrolet,Chevrolet Caprice IV
847,Chevrolet,Chevrolet Geo Storm
849,Chevrolet,Chevrolet Corsica
851,Chevrolet,Chevrolet Citation
853,Chevrolet,Chevrolet Corvair
855,Chevrolet,Chevrolet Bel Air
857,Chevrolet,Chevrolet Cruze
859,Citroen,Citroen C1
861,Citroen,Citroen C2
863,Citroen,Citroen C3
865,Citroen,Citroen C3 Aircross
867,Citroen,Citroen C-Elysee
869,Citroen,Citroen C4
871,Chery,Chery V5
873,Chery,Chery Eastar
876,Citroen,Citroen C4 Picasso
878,Citroen,Citroen C4 Cactus
880,Citroen,Citroen C4 SpaceTourer
882,Citroen,Citroen C Crosser
884,Chery,Chery QQ6
886,Chery,Chery A5
888,Chery,Chery A1
890,Chery,Chery QQ
891,Citroen,Citroen C5
893,Citroen,Citroen C6
895,Citroen,Citroen C8
897,Citroen,Citroen DS3
899,Citroen,Citroen DS4
901,Citroen,Citroen DS5
903,Caterham,Caterham 7 Seven
905,Caterham,Caterham Seven Roadsport
908,Citroen,Citroen Nemo
910,Citroen,Citroen Berlingo
912,Citroen,Citroen Jumpy 2016
914,Citroen,Citroen Jumper
916,Caterham,Caterham 21
918,Caterham,Caterham Super Seven
920,Citroen,Citroen Spacetourer
921,Cournil,Cournil Tropic
923,Cournil,Cournil Cournil
925,Citroen,Citroen Xsara
927,Citroen,Citroen Xantia
929,Citroen,Citroen XM
931,Citroen,Citroen Evasion
933,Citroen,Citroen Saxo
935,Citroen,Citroen 2CV
937,Citroen,Citroen Dyane
939,Citroen,Citroen Mehari
941,Citroen,Citroen C-15
943,Citroen,Citroen LNA
945,Citroen,Citroen GSA
947,Citroen,Citroen Visa
949,Citroen,Citroen Axel
951,Citroen,Citroen AX
953,Citroen,Citroen BX
955,Citroen,Citroen CX
957,Citroen,Citroen ZX
959,Chrysler,Chrysler Crossfire
961,Chrysler,Chrysler 200
963,Chrysler,Chrysler 300
965,Chrysler,Chrysler Grand Voyager
967,Chrysler,Chrysler Sebring
969,Chrysler,Chrysler PT Cruiser
971,Chrysler,Chrysler Neon
973,Chrysler,Chrysler 300M
975,Chrysler,Chrysler LeBaron
977,Chrysler,Chrysler Daytona
979,Daihatsu,Daihatsu Materia
981,Daihatsu,Daihatsu Copen
983,Daihatsu,Daihatsu Trevis
985,Daihatsu,Daihatsu Sirion II
987,Daihatsu,Daihatsu Cuore VII
989,Daihatsu,Daihatsu Terios II
991,Daihatsu,Daihatsu Cuore VI
993,Daihatsu,Daihatsu YRV
995,Daihatsu,Daihatsu Move
997,Daihatsu,Daihatsu Terios I
999,Daihatsu,Daihatsu Grand Move
1001,Daihatsu,Daihatsu Cuore V (L700)
1003,Daihatsu,Daihatsu Applause
1005,Daihatsu,Daihatsu Sirion
1007,Daihatsu,Daihatsu Cuore IV (L500)
1009,Daihatsu,Daihatsu Rocky II
1011,Daihatsu,Daihatsu Feroza II
1013,Daihatsu,Daihatsu Charade (G200)
1015,Daihatsu,Daihatsu Feroza I
1017,Daihatsu,Daihatsu Cuore III (L200)
1019,Daihatsu,Daihatsu Charade (G100)
1021,Daihatsu,Daihatsu Charade (G11)
1023,Daihatsu,Daihatsu Cuore II (L70)
1025,Daihatsu,Daihatsu Charmant
1027,Daihatsu,Daihatsu Rocky I
1029,Daihatsu,Daihatsu Cuore I
1031,Dacia,Dacia Sandero
1033,Dacia,Dacia Logan
1035,Dacia,Dacia Logan MCV
1037,Dacia,Dacia Lodgy
1039,Dacia,Dacia Duster
1041,Dacia,Dacia Dokker
1043,Delorean,Delorean DMC 12
1045,Daewoo,Daewoo Lacetti
1047,Daewoo,Daewoo Tacuma
1049,Daewoo,Daewoo Kalos
1051,Daewoo,Daewoo Nubira SW J200
1053,Daewoo,Daewoo Nubira III
1055,Daewoo,Daewoo Evanda
1057,Daewoo,Daewoo Matiz
1059,Daewoo,Daewoo Nubira SW J190
1061,Daewoo,Daewoo Lanos
1063,Daewoo,Daewoo Nubira SW J150
1065,Daewoo,Daewoo Nubira II
1067,Daewoo,Daewoo Nubira I
1069,Daewoo,Daewoo Leganza
1071,Daewoo,Daewoo Nexia
1073,Daewoo,Daewoo Espero
1075,Dodge,Dodge Charger
1077,Dodge,Dodge Durango
1079,Dodge,Dodge Journey
1081,Dodge,Dodge Viper II (ZB Phase II)
1083,Dodge,Dodge Nitro
1085,Dodge,Dodge Avenger
1087,Dodge,Dodge Challenger III
1089,Dodge,Dodge Caliber
1091,Dodge,Dodge Viper II (ZB Phase I)
1093,Dodge,Dodge Hemi
1095,Dodge,Dodge Viper I
1097,Dodge,Dodge Dart
1099,Datsun,Datsun Sports
1101,Datsun,Datsun 280 ZX
1103,Datsun,Datsun Cherry
1105,Datsun,Datsun Bluebird
1107,Datsun,Datsun Laurel
1109,Datsun,Datsun Silvia
1111,Datsun,Datsun S30
1113,De,De Tomaso Mangusta
1115,De,De Tomaso Longchamp
1117,De,De Tomaso Deauville
1119,De,De Tomaso Pantera
1121,El,El Trans Mini El
1123,DS,DS DS3
1125,DS,DS DS3 Cabrio
1127,DS,DS DS3 Crossback
1129,DS,DS DS4
1131,DS,DS DS4 Crossback
1133,DS,DS DS7 Crossback
1135,Ferrari,Ferrari SF90 Stradale
1137,Ferrari,Ferrari Roma
1139,Ferrari,Ferrari Portofino
1141,Ferrari,Ferrari 488
1143,Ferrari,Ferrari 812 GTS
1145,Ferrari,Ferrari 812 Superfast
1147,Ferrari,Ferrari F8 Tributo
1149,Ferrari,Ferrari F8 Spider
1151,Ferrari,Ferrari GTC4 Lusso
1153,Ferrari,Ferrari La Ferrari
1155,Ferrari,Ferrari California
1157,Ferrari,Ferrari California T F149M
1159,Ferrari,Ferrari F12 Berlinetta
1161,Ferrari,Ferrari F12 TRS
1163,Ferrari,Ferrari 458 Italia
1165,Ferrari,Ferrari 599
1167,Ferrari,Ferrari FF
1169,Ferrari,Ferrari F430
1171,Ferrari,Ferrari 360 Modena
1173,Ferrari,Ferrari 360 Spider
1175,Ferrari,Ferrari 612 Scaglietti
1177,Ferrari,Ferrari Enzo
1179,Ferrari,Ferrari 550 Maranello
1181,Ferrari,Ferrari 550 Barchetta 
1183,Ferrari,Ferrari 575M Maranello
1185,Ferrari,Ferrari 575 SuperAmerica
1187,Ferrari,Ferrari F355
1189,Ferrari,Ferrari F355 Spider
1191,Ferrari,Ferrari 512
1193,Ferrari,Ferrari Testarossa
1195,Ferrari,Ferrari F50
1197,Ferrari,Ferrari 456
1199,Fisker,Fisker Karma
1201,Fisker,Fisker Tramonto
1203,Fisker,Fisker Latigo
1205,Ferrari,Ferrari 348
1207,Ferrari,Ferrari Mondial
1209,Ferrari,Ferrari F40
1211,Ferrari,Ferrari 288
1213,Ferrari,Ferrari 208
1215,Ferrari,Ferrari 308
1217,Ferrari,Ferrari 328
1219,Ferrari,Ferrari 400
1221,Ferrari,Ferrari BB
1223,Ferrari,Ferrari 166
1225,Ferrari,Ferrari 195
1227,Ferrari,Ferrari 212
1229,Ferrari,Ferrari 330
1231,Ferrari,Ferrari 250
1233,Ferrari,Ferrari 365
1235,Ferrari,Ferrari Dino
1237,Ferrari,Ferrari 340
1239,Ferrari,Ferrari 400 Super America 
1241,Ferrari,Ferrari 275
1243,Ferrari,Ferrari 342
1245,Ferrari,Ferrari 125
1247,Ferrari,Ferrari 410
1249,Fornasari,Fornasari GT
1251,Fornasari,Fornasari RR66 Tender
1253,Fornasari,Fornasari RR600
1256,Ferrari,Ferrari 375
1258,Ferrari,Ferrari 500
1260,Ferrari,Ferrari 225
1262,Ferrari,Ferrari 412i
1264,Fornasari,Fornasari RR99
1265,Ferrari,Ferrari GG50
1267,Ferrari,Ferrari Modulo
1269,Ferrari,Ferrari 408
1271,Ferrari,Ferrari 512S
1273,Ferrari,Ferrari Pinin
1275,Ferrari,Ferrari SA Aperta
1277,Ferrari,Ferrari Sergio
1279,FSO,FSO Celina
1281,FSO,FSO Caro
1283,Galloper,Galloper Galloper
1285,Galloper,Galloper Galloper Long
1287,FSO,FSO Prima
1289,FSO,FSO Classic
1291,FSO,FSO Polonez
1293,FSO,FSO 125 P
1295,Ford,Ford Ka
1297,Ford,Ford Fiesta
1299,Ford,Ford Fusion
1301,Ford,Ford Focus (Europe)
1303,Ford,Ford Puma Crossover
1305,Ford,Ford Mustang Mach-E
1307,Ford,Ford Kuga
1309,Ford,Ford Escape
1311,Ford,Ford Explorer 6
1313,Ford,Ford Mondeo
1315,Ford,Ford B MAX
1317,Ford,Ford C Max
1319,Ford,Ford S Max
1321,Ford,Ford Galaxy
1323,Ford,Ford Edge
1325,Ford,Ford Bronco Sport
1327,Ford,Ford Bronco
1329,Ford,Ford F-150
1331,Ford,Ford Ranger
1333,Ford,Ford Mustang
1335,Ford,Ford Shelby
1337,Ford,Ford EcoSport
1339,Ford,Ford Tourneo Connect
1341,Ford,Ford Tourneo Courier
1343,Ford,Ford Tourneo Custom
1345,Ford,Ford Transit Courier
1347,Ford,Ford Transit
1349,Ford,Ford Transit Connect
1351,Ford,Ford Transit Custom
1353,Ford,Ford GT 40
1355,Ford,Ford GT90
1357,Ford,Ford Crown Victoria
1359,Ford,Ford Probe
1361,Ford,Ford Cougar
1363,Ford,Ford Puma
1365,Ford,Ford Falcon (Australia)
1367,Ford,Ford Escort (Europe)
1369,Ford,Ford Orion
1371,Ford,Ford Sierra
1373,Ford,Ford Scorpio
1375,Ford,Ford Maverick
1377,Ford,Ford Lotus Cortina
1379,Ford,Ford Cortina
1381,Ford,Ford Granada
1383,Ford,Ford Expedition I
1385,Ford,Ford Explorer II
1387,Ford,Ford Taurus III
1389,Ford,Ford Taurus IV
1391,Ford,Ford Thunderbird X
1393,Ford,Ford Windstar I
1395,Ford,Ford Windstar II
1397,Ford,Ford Capri
1399,Ford,Ford Taunus III
1401,Ford,Ford Connect
1403,Ford,Ford Mustang Bertone Concept
1405,Ford,Ford Anglia 105E
1407,Ford,Ford Model T
1409,Ford,Ford Anglia E494A 
1411,Ford,Ford Figo
1413,Ford,Ford Focus 1 USA
1415,Ford,Ford Granada Mk I
1417,Ford,Ford Falcon (South America)
1419,Ford,Ford GT 40 Concept
1421,Ford,Ford Mustang GT Concept
1423,Fiat,Fiat Panda
1425,Fiat,Fiat 500
1427,Fiat,Fiat 500L
1429,Fiat,Fiat 500X
1431,Fiat,Fiat Punto
1433,Fiat,Fiat Tipo
1435,Geely,Geely China Dragon
1437,Geely,Geely MK
1440,Genesis,Genesis G70 (HS)
1443,Fiat,Fiat Bravo
1445,Fiat,Fiat 124
1447,Fiat,Fiat Croma
1449,Fiat,Fiat Fullback
1451,Fiat,Fiat Freemont
1453,Geely,Geely Merrie
1455,Geely,Geely Uliou
1457,Geely,Geely Maple
1459,Geely,Geely Beauty
1461,Geely,Geely Haoqing
1462,Genesis,Genesis G80 (DH)
1464,Genesis,Genesis G90 (HI)
1465,Fiat,Fiat Qubo
1467,Fiat,Fiat Fiorino
1470,Gordon,Gordon Murray Automotive T.50
1471,Fiat,Fiat Doblo 3
1473,Fiat,Fiat Doblò Cargo
1475,Fiat,Fiat Talento
1477,Fiat,Fiat Ducato
1479,Fiat,Fiat Seicento
1481,Fiat,Fiat Stilo
1483,Fiat,Fiat Brava
1485,Fiat,Fiat Palio
1488,Fiat,Fiat Sedici
1490,Fiat,Fiat Linea
1492,Fiat,Fiat Marea
1494,Great,Great Wall Florid
1496,Great,Great Wall Hover
1498,Fiat,Fiat Idea
1500,Fiat,Fiat Multipla
1502,Fiat,Fiat Ulysse 2002
1504,Fiat,Fiat Strada
1506,Great,Great Wall Peri
1508,Great,Great Wall Cowry
1509,Fiat,Fiat Barchetta
1511,Fiat,Fiat Coupe
1513,Fiat,Fiat Uno
1515,Fiat,Fiat Tempra
1517,Fiat,Fiat Ritmo
1519,Fiat,Fiat Regata
1521,Fiat,Fiat 126
1523,Fiat,Fiat 127
1525,Fiat,Fiat 128
1527,Fiat,Fiat 130
1529,Fiat,Fiat 131
1531,Fiat,Fiat 132
1533,Fiat,Fiat Argenta
1535,Fiat,Fiat Dino
1537,Fiat,Fiat 500 Topolino
1539,Fiat,Fiat Campagnola
1541,Haval,Haval H9
1543,Holden,Holden Caprice III
1545,Holden,Holden Commodore IV (VE)
1547,Holden,Holden Adventra
1549,Holden,Holden Apollo
1551,Honda,Honda Jazz
1554,Honda,Honda Civic
1555,Hummer,Hummer H3
1557,Hummer,Hummer H2
1559,Honda,Honda Accord
1562,Infiniti,Infiniti Q50 2018
1563,Honda,Honda CR-V
1565,Honda,Honda HR-V
1567,Honda,Honda Passport
1569,Honda,Honda Pilot
1571,Honda,Honda Odyssey
1574,Infiniti,Infiniti Q60 II
1576,Honda,Honda e
1578,Honda,Honda Insight ZE4
1580,Honda,Honda Ridgeline
1582,Honda,Honda Fit 3
1583,Infiniti,Infiniti QX30
1585,Infiniti,Infiniti Q70 2015
1587,Infiniti,Infiniti Q30
1589,Infiniti,Infiniti Q60
1591,Honda,Honda Brio
1593,Honda,Honda CR Z
1595,Honda,Honda Prelude
1598,Honda,Honda City V
1599,Infiniti,Infiniti QX50
1601,Infiniti,Infiniti Q70
1603,Infiniti,Infiniti QX70
1605,Infiniti,Infiniti Q50
1607,Honda,Honda Freed
1609,Honda,Honda Life V
1612,Infiniti,Infiniti M
1614,Infiniti,Infiniti FX II
1616,Honda,Honda Civic VIII Coupe (US Market)
1618,Honda,Honda Civic VIII (US Market) 3-door
1619,Infiniti,Infiniti EX
1621,Infiniti,Infiniti G IV
1623,Infiniti,Infiniti G37 Cabrio
1625,Honda,Honda Elysion
1627,Honda,Honda Crossroad
1629,Honda,Honda Inspire V
1631,Honda,Honda Fit II
1633,Honda,Honda Legend IV
1635,Honda,Honda Fit Aria
1637,Honda,Honda Airwave
1639,Honda,Honda Edix
1641,Honda,Honda FR V
1643,Honda,Honda S2000
1645,Honda,Honda Life IV
1647,Honda,Honda Inspire IV
1649,Honda,Honda Element
1651,Honda,Honda Lagreat
1653,Honda,Honda Capa
1655,Honda,Honda Torneo
1657,Honda,Honda Mobilio
1659,Honda,Honda Stream
1661,Honda,Honda Fit I
1663,Honda,Honda Logo
1665,Honda,Honda Avancier
1667,Honda,Honda Insight
1669,Honda,Honda Z 2nd Gen
1671,Honda,Honda Integra Type R
1673,Honda,Honda Life III
1675,Honda,Honda Saber III
1677,Honda,Honda Life II
1679,Honda,Honda Legend III
1681,Honda,Honda Shuttle
1683,Honda,Honda CRX III
1685,Honda,Honda Ascot Innova 
1687,Honda,Honda Legend II
1689,Honda,Honda NSX
1691,Honda,Honda Legend Coupe II
1693,Honda,Honda Concerto
1695,Honda,Honda CRX II
1697,Honda,Honda Legend Coupe I
1699,Honda,Honda Legend I
1701,Honda,Honda Integra I
1703,Honda,Honda City II
1705,Honda,Honda City I
1707,Honda,Honda Ballade Sports CR-X
1709,Honda,Honda CRX mk1
1711,Honda,Honda Ballade
1713,Honda,Honda Quintet
1715,Honda,Honda Quint
1717,Honda,Honda Z 1st Gen
1719,Honda,Honda 145
1721,Honda,Honda 145 Coupe
1723,Honda,Honda Life I
1725,Honda,Honda 1300 Coupe
1727,Honda,Honda 1300 Sedan
1729,Honda,Honda N600
1731,Honda,Honda S800
1733,Honda,Honda S500
1735,Honda,Honda Crosstour
1737,Hyundai,Hyundai i10
1739,Hyundai,Hyundai i20
1741,Hyundai,Hyundai i30
1743,Hyundai,Hyundai Kona
1745,Hyundai,Hyundai Ioniq
1747,Hyundai,Hyundai Nexo
1749,Hyundai,Hyundai Santa Fe
1751,Hyundai,Hyundai Tucson
1753,Hyundai,Hyundai Sonata
1755,Hyundai,Hyundai Palisade
1757,Hyundai,Hyundai Atos
1759,Hyundai,Hyundai Getz
1761,Isuzu,Isuzu D-MAX 2017
1763,Isuzu,Isuzu D Max 2
1766,Hyundai,Hyundai Grandeur IV
1768,Hyundai,Hyundai Matrix
1770,Hyundai,Hyundai H 1
1772,Hyundai,Hyundai Stellar
1774,Isuzu,Isuzu D Max
1776,Isuzu,Isuzu Rodeo
1777,Hyundai,Hyundai Terracan
1779,Hyundai,Hyundai Trajet
1782,Isdera,Isdera Commendatore
1785,Isuzu,Isuzu Trooper II
1787,Isuzu,Isuzu Stylus
1789,Isuzu,Isuzu Impulse
1792,JAC,JAC J5
1794,JAC,JAC J7
1796,Hyundai,Hyundai XG
1798,Hyundai,Hyundai Eon
1800,Hyundai,Hyundai Genesis Coupe
1802,Hyundai,Hyundai Veloster
1804,Hyundai,Hyundai Grand Santa Fe
1805,Jensen,Jensen CV8
1807,Jensen,Jensen Healey
1809,Jensen,Jensen 541
1811,Jensen,Jensen Interceptor
1813,Innocenti,Innocenti Turbo
1815,Isuzu,Isuzu Aska
1817,Isuzu,Isuzu Trooper I
1819,Isuzu,Isuzu Piazza
1821,JAC,JAC J3
1823,JAC,JAC J6
1825,JAC,JAC J2
1827,Hyundai,Hyundai ix20
1829,Innocenti,Innocenti 3
1830,Isuzu,Isuzu KB 40
1832,Isuzu,Isuzu Gemini
1834,Isuzu,Isuzu Asso di Fiori
1836,Hyundai,Hyundai ix35
1838,Hyundai,Hyundai ix55
1840,Hyundai,Hyundai i40
1842,Hyundai,Hyundai i800
1844,Isuzu,Isuzu 117
1846,Isuzu,Isuzu Unicab
1848,Isuzu,Isuzu Florian
1850,Isuzu,Isuzu Bellett
1851,Hyundai,Hyundai Pony
1853,Hyundai,Hyundai Accent
1855,Hyundai,Hyundai Lantra
1857,Hyundai,Hyundai Elantra
1859,Hyundai,Hyundai Scoupe
1861,Hyundai,Hyundai Coupé
1863,Hyundai,Hyundai Equus
1865,Jaguar,Jaguar XE
1867,Jaguar,Jaguar XF
1869,Jaguar,Jaguar XJ
1871,Jaguar,Jaguar XK
1873,Jaguar,Jaguar F-Type
1875,Jaguar,Jaguar E-Pace
1877,Jaguar,Jaguar I-Pace
1879,Jaguar,Jaguar F-Pace
1881,Jaguar,Jaguar X Type
1883,Jaguar,Jaguar X Type Estate
1885,Jaguar,Jaguar S Type
1887,Jaguar,Jaguar XJS
1889,Jaguar,Jaguar XJS Convertible
1891,Jaguar,Jaguar XJ220
1893,Jaguar,Jaguar Daimler DS 420
1895,Jaguar,Jaguar E Type
1897,Jeep,Jeep Renegade
1899,Jeep,Jeep Compass
1901,Jeep,Jeep Cherokee
1903,Jeep,Jeep Grand Cherokee
1905,Jeep,Jeep Wrangler
1907,Jeep,Jeep Commander
1909,Jeep,Jeep CJ
1911,Jeep,Jeep Willys Concept
1913,Jeep,Jeep Icon
1915,Koenigsegg,Koenigsegg One:1
1917,Koenigsegg,Koenigsegg Agera
1919,Koenigsegg,Koenigsegg CCX
1921,Koenigsegg,Koenigsegg CCR
1923,Koenigsegg,Koenigsegg CC8S
1925,Koenigsegg,Koenigsegg CC
1927,Lada,Lada Priora
1929,Lada,Lada 4x4
1931,Lada,Lada Kalina
1933,Lada,Lada 112
1935,Lada,Lada 111
1937,Lada,Lada 110
1939,Lada,Lada Samara
1941,Lada,Lada Samara Cabriolet
1943,Lada,Lada 2107
1945,Lada,Lada 2105   Nova
1947,Lada,Lada Niva
1949,Lada,Lada 1200   2101
1951,Lada,Lada 1200   2102
1953,Lancia,Lancia Ypsilon
1955,Lancia,Lancia Musa
1957,Lancia,Lancia Delta
1959,Lancia,Lancia Thema
1961,Lancia,Lancia Voyager
1963,Lancia,Lancia Grand Voyager
1965,Lancia,Lancia Y
1967,Lancia,Lancia Lybra
1969,Lancia,Lancia Thesis
1971,Lancia,Lancia Kappa
1973,Lancia,Lancia Phedra
1975,Lancia,Lancia Dedra
1977,Lincoln,Lincoln Aviator II
1979,Lincoln,Lincoln MKT
1981,Lincoln,Lincoln MKR
1983,Lancia,Lancia Y10
1985,Lancia,Lancia Prisma
1987,Lancia,Lancia Beta
1989,Lancia,Lancia Gamma
1991,Lincoln,Lincoln MKZ
1993,Lincoln,Lincoln Navigator I
1995,Lincoln,Lincoln Town Car III
1997,Lincoln,Lincoln Continental VIII
1999,Lancia,Lancia Trevi
2001,Lancia,Lancia HPE
2003,Lancia,Lancia Rally 037
2005,Lancia,Lancia Monte Carlo
2007,Lincoln,Lincoln Town Car II
2009,Lincoln,Lincoln Lincoln Mark VIII
2011,Lincoln,Lincoln Continental VII
2013,Lancia,Lancia Zeta
2015,Lancia,Lancia Fulvia
2017,Lancia,Lancia Flavia
2019,Lancia,Lancia Flaminia
2021,Lancia,Lancia Appia
2023,Lancia,Lancia Aurelia
2025,Lancia,Lancia Stratos
2027,Kia,Kia Picanto
2029,Kia,Kia Rio
2031,Kia,Kia Venga
2033,Kia,Kia Ceed
2035,Kia,Kia Soul
2037,Kia,Kia Forte
2039,Kia,Kia Seltos
2041,Kia,Kia K5
2043,Kia,Kia Stinger
2045,Kia,Kia Telluride
2047,Lamborghini,Lamborghini Sián
2050,Kia,Kia Optima / Magentis
2052,Kia,Kia Stonic
2054,Lamborghini,Lamborghini Huracan
2056,Lamborghini,Lamborghini Veneno
2058,Lamborghini,Lamborghini Aventador
2059,Kia,Kia Niro
2061,Kia,Kia Sportage
2063,Kia,Kia Sorento
2065,Kia,Kia Carens
2067,Lamborghini,Lamborghini Reventon
2069,Lamborghini,Lamborghini Gallardo
2071,Lamborghini,Lamborghini Murcielago
2074,Kia,Kia Carnival / Sedona
2076,Kia,Kia Sephia / Mentor / Shuma
2078,Kia,Kia Cerato II
2080,Lamborghini,Lamborghini Diablo
2082,Lamborghini,Lamborghini LM
2085,Lola,Lola GT
2088,Kia,Kia Clarus
2090,Kia,Kia Joice
2092,Kia,Kia Opirus
2094,Kia,Kia Pride
2095,Marcos,Marcos TSO
2096,Lamborghini,Lamborghini Countach
2098,Lamborghini,Lamborghini Jalpa
2100,Lamborghini,Lamborghini Urraco
2102,Lamborghini,Lamborghini Espada
2103,Lola,Lola Climax
2105,Marcos,Marcos TS500
2107,Marcos,Marcos Mantis
2109,Marcos,Marcos LM
2111,Lamborghini,Lamborghini Miura
2113,Marcos,Marcos Mantara
2115,Marcos,Marcos Mantula
2117,Marcos,Marcos 3 Litre
2119,Marcos,Marcos 1300
2121,Marcos,Marcos 2 Litre
2124,Land,Land Rover Defender
2126,Marcos,Marcos 1600
2128,Marcos,Marcos 1500
2130,Marcos,Marcos 850
2132,Land,Land Rover Evoque
2134,Land,Land Rover Range Rover Velar
2136,Land,Land Rover Discovery
2138,Land,Land Rover Discovery Sport
2139,Marcos,Marcos 1800
2141,Marcos,Marcos GT
2144,Mahindra,Mahindra XUV
2146,Lotus,Lotus Elise S3
2148,Lotus,Lotus Evija
2150,Land,Land Rover Range Rover
2152,Land,Land Rover Range Rover Sport
2154,Land,Land Rover Freelander
2156,Land,Land Rover 109 Series III
2158,Mahindra,Mahindra Thar
2160,Lotus,Lotus Exige S3
2162,Lotus,Lotus Evora
2164,Lotus,Lotus Elise
2166,Lotus,Lotus Europa II
2168,Lotus,Lotus Elise S2
2169,Mahindra,Mahindra Xylo
2171,Mahindra,Mahindra Goa
2173,Mahindra,Mahindra Scorpio II
2175,Mahindra,Mahindra Bolero
2177,Mahindra,Mahindra Scorpio I
2179,Lotus,Lotus Exige S2
2181,Lotus,Lotus Exige S1
2183,Lotus,Lotus Elise S1
2185,Lotus,Lotus Esprit S4
2187,Lotus,Lotus Excel
2189,Lotus,Lotus Esprit
2191,Lotus,Lotus Elite
2193,Lotus,Lotus Elan
2195,Lotus,Lotus Seven
2197,Lexus,Lexus IS
2199,Lexus,Lexus LS
2201,Lexus,Lexus ES
2203,Lexus,Lexus UX
2205,Lexus,Lexus LC
2207,Lexus,Lexus LC Convertible
2209,Lexus,Lexus CT200H
2211,Lexus,Lexus RC 2019
2213,Lexus,Lexus RC
2215,Lexus,Lexus GS 2016
2217,Lexus,Lexus RX (AL20)
2219,Lexus,Lexus RX 3 Restyling
2221,Lexus,Lexus NX
2223,Lexus,Lexus GS IV
2225,Lexus,Lexus HS
2227,Lexus,Lexus LFA
2229,Lexus,Lexus RX (II)
2231,Lexus,Lexus GS III
2233,Lexus,Lexus SC (II)
2235,Lexus,Lexus GS II
2238,Maserati,Maserati MC20
2239,Lexus,Lexus RX I
2241,Lexus,Lexus GS I
2243,Maserati,Maserati GranCabrio 2018
2245,Maserati,Maserati GranTurismo 2018
2247,Maserati,Maserati Levante
2249,Maserati,Maserati Ghibli III
2251,Maserati,Maserati Quattroporte VI 2017
2253,Maserati,Maserati Quattroporte VI
2255,Maserati,Maserati GranTurismo
2257,Maserati,Maserati GranCabrio
2259,Maserati,Maserati GranSport
2261,Maserati,Maserati Quattroporte V
2263,Maserati,Maserati Coupe
2265,Maserati,Maserati Spyder
2267,Maserati,Maserati MC12
2269,Maserati,Maserati 4200 GT
2271,Maserati,Maserati 3200 GT
2273,Maserati,Maserati Quattroporte IV
2275,Maserati,Maserati Ghibli II
2277,Maserati,Maserati Barchetta
2279,Maserati,Maserati Racing
2281,Maserati,Maserati 4.24v
2283,Maserati,Maserati Shamal
2285,Maserati,Maserati 2.24v
2287,Maserati,Maserati Quattroporte III
2289,Maserati,Maserati 425
2291,Maserati,Maserati Biturbo
2293,Maybach,Maybach 62
2295,Maybach,Maybach 57
2297,Matra,Matra Murena
2299,Matra,Matra Bagheera
2301,Mazda,Mazda MX-5 / Miata
2303,Mazda,Mazda 2
2305,Mazda,Mazda 3
2307,Mazda,Mazda 6
2309,Mazda,Mazda CX-3
2311,Mazda,Mazda MX-30
2313,Mazda,Mazda CX-30
2315,Mazda,Mazda CX-5
2317,Mazda,Mazda CX-9
2319,Mazda,Mazda BT 50
2321,Mazda,Mazda 5 II
2323,Mazda,Mazda CX 7
2325,Mazda,Mazda 5
2327,Mazda,Mazda Tribute I
2329,Mazda,Mazda RX 8
2331,Mazda,Mazda MPV II
2333,Mazda,Mazda 
2335,Mazda,Mazda Xedos 9
2337,Mazda,Mazda 323 VI
2339,Mazda,Mazda Demio
2341,Mazda,Mazda 121 III
2343,Mazda,Mazda Premacy
2345,Mazda,Mazda 626 V
2347,Mazda,Mazda MPV I
2349,Mazda,Mazda 626 IV
2351,Mazda,Mazda Mx 3
2353,Mazda,Mazda 323 V F
2355,Mazda,Mazda 323 V Sedan
2357,Mazda,Mazda Xedos 6
2359,Mazda,Mazda RX 7 FD
2361,Mazda,Mazda 121 II
2363,Mazda,Mazda 323 IV
2365,Mazda,Mazda MX 6 II
2367,Mazda,Mazda 929 III
2369,Mazda,Mazda RX 7 FC Cabriolet
2371,Mazda,Mazda 626 III Coupe
2373,Mazda,Mazda 121 I
2375,Mazda,Mazda 323 III
2377,Mazda,Mazda 626 III
2379,Mazda,Mazda RX 7 FC
2381,Mazda,Mazda 626 II Coupe
2383,Mazda,Mazda 626 II
2385,Mazda,Mazda 929 II
2387,Mazda,Mazda RX 7 FB2
2389,Mazda,Mazda 626 I HardTop
2391,Mazda,Mazda 323 II
2393,Mazda,Mazda 626 I
2395,Mazda,Mazda 121 (Cosmo AP/RX 5)
2397,Mercedes,Mercedes Benz A-Class
2399,Mercedes,Mercedes Benz CLA
2401,Mercedes,Mercedes Benz GLA
2403,Mercedes,Mercedes Benz B-Class
2405,Mercedes,Mercedes Benz GLB (X247)
2407,Mercedes,Mercedes Benz C-Class
2409,Mercedes,Mercedes Benz GLC
2411,Mercedes,Mercedes Benz GLC Coupé
2413,Mercedes,Mercedes Benz E-Class
2415,Mercedes,Mercedes Benz GLE-Class
2418,McLaren,McLaren Senna
2421,MG,MG ZS EV
2423,MG,MG ZT
2425,Mercedes,Mercedes Benz GLE Coupé
2427,Mercedes,Mercedes Benz CLS-Class
2429,Mercedes,Mercedes Benz S-Class
2431,Mercedes,Mercedes Benz GLS
2432,McLaren,McLaren 675LT Spider
2434,McLaren,McLaren 570GT
2436,McLaren,McLaren 570S
2437,MG,MG ZS Sedan
2439,MG,MG ZT T
2441,MG,MG ZS
2443,MG,MG TF
2446,Mercedes,Mercedes Benz CL-Class
2448,Mercedes,Mercedes Benz SL-Class
2450,Mercedes,Mercedes Benz EQC (N293)
2452,Mercedes,Mercedes Benz AMG GT
2455,Merkur,Merkur XR4Ti
2457,MG,MG ZR
2459,Mercedes,Mercedes Benz AMG GT Roadster
2461,Mercedes,Mercedes Benz AMG GT 4-door
2463,Mercury,Mercury Colony Park 6
2464,McLaren,McLaren 675LT
2465,MG,MG F
2467,MG,MG RV8
2469,MG,MG Montego
2471,Mercedes,Mercedes Benz GLK-Class
2473,Mercedes,Mercedes Benz M-Class
2475,Mercury,Mercury Grand Marquis 1
2477,Mercury,Mercury Cougar
2479,McLaren,McLaren 540C
2482,MG,MG Maestro
2484,MG,MG Metro
2486,MG,MG B
2488,MG,MG A
2490,Mercedes,Mercedes Benz GL-Class
2493,Mini,Mini Roadster
2495,McLaren,McLaren 650S
2497,McLaren,McLaren MP4-12C
2499,McLaren,McLaren F1
2501,McLaren,McLaren M6
2502,Mercedes,Mercedes Benz G-Class
2504,Mini,Mini Paceman
2506,Mini,Mini Coupe
2508,Mini,Mini Mini MkIII
2510,Mini,Mini ERA
2511,Mercedes,Mercedes Benz R Class (W251)
2513,Mercedes,Mercedes Benz R Class (W251 2010)
2515,Mercedes,Mercedes Benz X-Class
2517,Mercedes,Mercedes Benz SLC (R173)
2519,Mercedes,Mercedes Benz SLS
2521,Mini,Mini Clubman
2523,Mini,Mini Countryman
2525,Mini,Mini Mini
2527,Mini,Mini Mini Cabrio
2529,Mercedes,Mercedes Benz SLK
2531,Mercedes,Mercedes Benz CLK
2533,Mercedes,Mercedes Benz SLR McLaren
2535,Mercedes,Mercedes Benz Citan
2537,Mercedes,Mercedes Benz EQV
2539,Mercedes,Mercedes Benz V-Class / Viano
2541,Mercedes,Mercedes Benz Vaneo
2543,Mercedes,Mercedes Benz Viano Marco Polo
2545,Mercedes,Mercedes Benz Vito
2547,Mercedes,Mercedes Benz Sprinter
2549,Mercedes,Mercedes Benz 1930s
2551,Mercedes,Mercedes Benz 1940s-50s
2553,Mercedes,Mercedes Benz W201
2555,Mercedes,Mercedes Benz Vision Concept
2557,Mercedes,Mercedes Benz C 111
2559,Mercedes,Mercedes Benz W115
2561,Mercedes,Mercedes Benz W114
2563,Mercedes,Mercedes Benz W110 Fintail / Heckflosse
2565,Mercedes,Mercedes Benz C107
2567,Mercedes,Mercedes Benz W100
2569,Mitsubishi,Mitsubishi i-MiEV
2571,Mitsubishi,Mitsubishi Mirage / Space Star
2573,Mitsubishi,Mitsubishi Colt
2575,Mitsubishi,Mitsubishi ASX
2577,Mitsubishi,Mitsubishi Eclipse Cross
2579,Mitsubishi,Mitsubishi Outlander
2581,Mitsubishi,Mitsubishi Pajero
2583,Mitsubishi,Mitsubishi L200
2585,Mitsubishi,Mitsubishi Space Runner
2587,Mitsubishi,Mitsubishi Eclipse
2589,Mitsubishi,Mitsubishi Galant
2591,Mitsubishi,Mitsubishi 3000GT
2593,Mitsubishi,Mitsubishi Airtrek
2595,Mitsubishi,Mitsubishi Carisma
2597,Mitsubishi,Mitsubishi Celeste
2599,Mitsubishi,Mitsubishi Cordia
2601,Mitsubishi,Mitsubishi FTO
2603,Mitsubishi,Mitsubishi Grandis
2605,Mitsubishi,Mitsubishi i
2607,Mitsubishi,Mitsubishi Lancer II
2609,Mitsubishi,Mitsubishi Lancer III (Fiore)
2611,Mitsubishi,Mitsubishi Lancer IX
2613,Mitsubishi,Mitsubishi Lancer V
2615,Mitsubishi,Mitsubishi Lancer VI
2617,Mitsubishi,Mitsubishi Lancer VII
2619,Mitsubishi,Mitsubishi Lancer VIII
2621,Mitsubishi,Mitsubishi Outlander Sport
2623,Mitsubishi,Mitsubishi Sapporo Coupe
2625,Mitsubishi,Mitsubishi Sigma
2627,Mitsubishi,Mitsubishi Space Gear
2629,Mitsubishi,Mitsubishi Space Star
2631,Mitsubishi,Mitsubishi Space Wagon I
2633,Mitsubishi,Mitsubishi Space Wagon II
2635,Mitsubishi,Mitsubishi Starion
2637,Mitsubishi,Mitsubishi Tredia
2638,model,model
2640,Morgan,Morgan Plus 4
2642,Morgan,Morgan Roadster
2644,Morgan,Morgan Aero 8
2646,Morgan,Morgan 4/4
2648,Morgan,Morgan Plus 8
2650,Morgan,Morgan Plus Six
2652,Morris,Morris Ital
2654,Morris,Morris Marina
2656,Morris,Morris Oxford Farina Series VI
2658,Morris,Morris Oxford Farina Series V
2660,Morris,Morris Oxford III
2662,Morris,Morris Minor
2664,Morris,Morris Oxford MO
2666,Morris,Morris Minor Saloon
2668,Noble,Noble M400
2670,Noble,Noble M14
2672,Noble,Noble M12
2674,Oldsmobile,Oldsmobile 442
2676,Oldsmobile,Oldsmobile Cutlass
2678,Oldsmobile,Oldsmobile Alero
2680,Oldsmobile,Oldsmobile Intrigue
2682,Oldsmobile,Oldsmobile Aurora
2684,Oldsmobile,Oldsmobile 88
2686,Oldsmobile,Oldsmobile Starfire
2688,Oldsmobile,Oldsmobile Toronado
2690,Oldsmobile,Oldsmobile Delta 88
2692,Oldsmobile,Oldsmobile F 85
2694,Oldsmobile,Oldsmobile Eight
2696,Oldsmobile,Oldsmobile 45
2698,Oldsmobile,Oldsmobile 98
2700,Nissan,Nissan Micra
2702,Nissan,Nissan Note
2704,Nissan,Nissan Juke
2706,Nissan,Nissan Leaf
2708,Pagani,Pagani Zonda
2710,Nissan,Nissan Qashqai
2712,Nissan,Nissan Rogue
2714,Nissan,Nissan Rogue Sport
2716,Nissan,Nissan Versa 2020
2718,Nissan,Nissan X Trail
2720,Nissan,Nissan Murano
2722,Nissan,Nissan Pathfinder
2724,Nissan,Nissan GT R
2726,Nissan,Nissan Z series / Fairlady Z
2728,Nissan,Nissan Teana
2730,Nissan,Nissan 200SX / Silvia
2732,Nissan,Nissan Skyline
2734,Nissan,Nissan Patrol
2736,Nissan,Nissan Terrano
2738,Nissan,Nissan Sunny
2740,Nissan,Nissan Almera
2742,Nissan,Nissan Primera
2744,Nissan,Nissan Maxima
2746,Nissan,Nissan Prairie
2748,Nissan,Nissan Bluebird
2750,Nissan,Nissan Laurel
2752,Nissan,Nissan NV300
2754,Nissan,Nissan Kicks
2756,Nissan,Nissan Navara (NP300)
2758,Nissan,Nissan Pulsar
2760,Nissan,Nissan Evalia / NV200
2762,Nissan,Nissan Cube
2764,Nissan,Nissan Pixo
2766,Nissan,Nissan Altima L32
2768,Nissan,Nissan Tiida
2770,Nissan,Nissan Pino
2772,Nissan,Nissan Versa
2774,Nissan,Nissan Otti
2776,Nissan,Nissan Navara D40
2778,Nissan,Nissan Fuga
2780,Nissan,Nissan Almera Tino
2782,Nissan,Nissan Stagea M35
2784,Nissan,Nissan Avenir W11
2786,Nissan,Nissan Lucino
2788,Nissan,Nissan Serena
2790,Nissan,Nissan 100 NX
2792,Nissan,Nissan Cherry N12
2794,Plymouth,Plymouth Prowler
2796,Plymouth,Plymouth Barracuda
2798,Pininfarina,Pininfarina Enjoy
2800,Pininfarina,Pininfarina Osee
2802,Pininfarina,Pininfarina Rossa
2804,Pininfarina,Pininfarina Ethos
2806,Pininfarina,Pininfarina Chronos
2808,Pininfarina,Pininfarina Mythos
2811,Polestar,Polestar 1
2813,Polestar,Polestar 2
2814,Pininfarina,Pininfarina Coupe
2816,Pininfarina,Pininfarina Spider
2818,Pininfarina,Pininfarina BLMC
2820,Pontiac,Pontiac G5
2822,qoros,qoros 3 Hatch
2824,Pontiac,Pontiac G6 Convertible
2826,Pontiac,Pontiac G6 Coupe
2828,Pontiac,Pontiac G8
2830,qoros,qoros 3 Sedan
2832,Pontiac,Pontiac G6
2834,Pontiac,Pontiac Solstice
2836,Pontiac,Pontiac Aztek
2838,Pontiac,Pontiac Sunfire
2840,Pontiac,Pontiac Firebird IV
2842,Pontiac,Pontiac Firebird IV Convertible
2844,Pontiac,Pontiac Trans Sport I
2846,Pontiac,Pontiac Bonneville
2848,Pontiac,Pontiac Grand Prix
2850,Pontiac,Pontiac Grand Prix Coupe
2852,Pontiac,Pontiac Fiero
2854,Pontiac,Pontiac Firebird III
2856,Pontiac,Pontiac Phoenix
2858,Pontiac,Pontiac Firebird II
2860,Opel,Opel Adam
2862,Opel,Opel Corsa
2864,Opel,Opel Astra
2866,Opel,Opel Insignia
2868,Opel,Opel Mokka
2870,Opel,Opel Crossland
2872,Opel,Opel Grandland X
2874,Opel,Opel Meriva
2876,Opel,Opel Zafira Life
2878,Opel,Opel Zafira
2880,Opel,Opel Combo
2882,Opel,Opel Vivaro
2884,Opel,Opel Movano
2886,Opel,Opel Vectra
2888,Opel,Opel Agila
2890,Opel,Opel Tigra
2892,Opel,Opel Omega
2894,Opel,Opel Frontera
2896,Opel,Opel Monterey
2898,Opel,Opel Kadett
2900,Opel,Opel Ascona
2902,Opel,Opel Manta
2904,Opel,Opel Senator
2906,Opel,Opel Monza
2908,Opel,Opel Ampera-e
2910,Opel,Opel Karl
2912,Opel,Opel Cascada Cabrio
2914,Opel,Opel Antara
2916,Opel,Opel GT
2918,Opel,Opel Signum
2920,Opel,Opel Speedster
2922,Opel,Opel Sintra
2924,Opel,Opel Calibra
2926,Opel,Opel Rekord E
2928,Opel,Opel Commodore C
2930,Opel,Opel City
2932,Opel,Opel Admiral
2934,Opel,Opel Olympia A
2936,Opel,Opel Kapitan
2938,Opel,Opel Olympia
2940,Proton,Proton Persona
2942,Proton,Proton Wira
2944,Proton,Proton Gen 2
2946,Proton,Proton Waja
2948,Proton,Proton Satria
2950,Porsche,Porsche Boxster
2952,Porsche,Porsche Cayman
2954,Porsche,Porsche 911
2956,Porsche,Porsche Panamera
2958,Porsche,Porsche Macan
2960,Porsche,Porsche Cayenne
2962,Porsche,Porsche Taycan
2964,Porsche,Porsche 918 Spyder
2966,Porsche,Porsche Carrera GT
2968,Porsche,Porsche 356
2970,Porsche,Porsche 912
2972,Porsche,Porsche 914
2974,Porsche,Porsche 924
2976,Porsche,Porsche 944 Coupe
2978,Porsche,Porsche 944 Cabriolet
2980,Porsche,Porsche 968
2982,Porsche,Porsche 928
2984,Porsche,Porsche 959
2986,Peugeot,Peugeot Ion
2988,Peugeot,Peugeot 108
2990,Peugeot,Peugeot 208
2992,Peugeot,Peugeot 308
2994,Peugeot,Peugeot 508
2996,Peugeot,Peugeot 2008
2998,Peugeot,Peugeot 3008
3000,Peugeot,Peugeot 4008
3002,Peugeot,Peugeot 5008
3004,Peugeot,Peugeot RCZ 2013
3006,Peugeot,Peugeot Bipper
3008,Peugeot,Peugeot Rifter
3010,Peugeot,Peugeot Partner
3012,Peugeot,Peugeot Expert
3014,Peugeot,Peugeot Boxer
3016,Peugeot,Peugeot RCZ
3018,Peugeot,Peugeot 107
3020,Peugeot,Peugeot 1007
3022,Peugeot,Peugeot 207
3024,Peugeot,Peugeot 307
3026,Peugeot,Peugeot 307 Break
3028,Peugeot,Peugeot 407
3030,Peugeot,Peugeot 607
3032,Peugeot,Peugeot 4007
3034,Peugeot,Peugeot 807
3036,Peugeot,Peugeot 104
3038,Peugeot,Peugeot 106
3040,Peugeot,Peugeot 205
3042,Peugeot,Peugeot 206
3044,Peugeot,Peugeot 304
3046,Peugeot,Peugeot 305
3048,Peugeot,Peugeot 306
3050,Peugeot,Peugeot 309
3052,Peugeot,Peugeot 405
3054,Peugeot,Peugeot 406
3056,Peugeot,Peugeot 504
3058,Peugeot,Peugeot 505
3060,Peugeot,Peugeot 604
3062,Peugeot,Peugeot 605
3064,Peugeot,Peugeot 806
3066,Renault,Renault Twingo
3068,Renault,Renault Modus
3070,Renault,Renault Clio
3072,Renault,Renault Zoe
3074,Renault,Renault Megane
3076,Renault,Renault Scenic
3078,Renault,Renault Captur
3080,Renault,Renault Kadjar
3082,Renault,Renault Arkana
3084,Renault,Renault Koleos
3086,Renault,Renault Talisman
3088,Renault,Renault Espace
3090,Renault,Renault Kangoo
3092,Renault,Renault Trafic
3094,Renault,Renault Master
3096,Renault,Renault Laguna
3098,Renault,Renault Twizy
3100,Renault,Renault Fluence
3102,Renault,Renault Vel Satis
3104,Renault,Renault Avantime
3106,Renault,Renault Wind
3108,Renault,Renault Spider
3110,Renault,Renault 4
3112,Rolls,Rolls Royce Cullinan
3114,Rolls,Rolls Royce Phantom VIII
3116,Renault,Renault 5
3119,Rolls,Rolls Royce Dawn
3121,Renault,Renault Rodeo
3123,Renault,Renault 9
3125,Renault,Renault Fuego
3127,Renault,Renault 11
3129,Rolls,Rolls Royce Ghost Series II
3131,Rolls,Rolls Royce Wraith
3133,Rolls,Rolls Royce Ghost
3135,Rolls,Rolls Royce Phantom VII
3137,Rolls,Rolls Royce Corniche V
3138,Renault,Renault 18
3140,Renault,Renault 19
3142,Renault,Renault 21
3144,Renault,Renault 25
3147,Rolls,Rolls Royce Silver Seraph
3149,Rolls,Rolls Royce Silver Spirit
3151,Rolls,Rolls Royce Silver Spur
3153,Rolls,Rolls Royce Camargue
3154,Renault,Renault Safrane
3156,Renault,Renault 6
3158,Renault,Renault 8
3160,Renault,Renault 12
3162,Renault,Renault 14
3164,Roewe,Roewe 550
3167,Rolls,Rolls Royce Corniche
3169,Rolls,Rolls Royce Phantom VI
3171,Renault,Renault 15
3173,Renault,Renault 16
3174,Roewe,Roewe 750
3176,Renault,Renault 17
3178,Renault,Renault 20
3180,Renault,Renault 30
3183,Reliant,Reliant SST
3185,Reliant,Reliant Rialto
3187,Reliant,Reliant Scimitar
3188,Renault,Renault Caravelle
3190,Renault,Renault Dauphine
3192,Renault,Renault Floride
3194,Renault,Renault Talisman Concept
3197,Reliant,Reliant Kitten
3199,Reliant,Reliant Robin
3201,Reliant,Reliant Bond Bug
3203,Reliant,Reliant Rebel
3205,Reliant,Reliant Sabre
3206,Renault,Renault Type XA
3208,Renault,Renault Ellypse
3210,Renault,Renault Latitude
3212,Renault,Renault Nerva Grand Sport
3214,Renault,Renault NervaSport
3216,Renault,Renault Victoria
3218,Renault,Renault 40CV
3220,Renault,Renault Torpedo
3222,Renault,Renault 45 hp
3224,Renault,Renault Voiturette
3226,Renault,Renault Eighteen
3228,Renault,Renault Fregate
3230,Renault,Renault Altica
3232,Renault,Renault Nepta
3234,Renault,Renault Gabbiano
3236,Renault,Renault Juvaquatre
3238,Renault,Renault 26.8HP
3240,Renault,Renault DeZir
3242,Rover,Rover 75
3244,Rover,Rover CityRover
3246,Rover,Rover 45
3249,Rover,Rover 25
3251,Rover,Rover Streetwise
3253,Rover,Rover 400 II
3255,Ruf,Ruf CTR
3256,Rover,Rover 200 III
3258,Rover,Rover 600
3260,Rover,Rover 100 Cabriolet
3262,Rover,Rover 100
3264,Rover,Rover Tourer
3266,Rover,Rover 200 II 3 door
3268,Rover,Rover 200 Cabriolet
3270,Rover,Rover 200 II Coupe
3272,Rover,Rover Estate
3274,Rover,Rover 800 Coupe
3276,Rover,Rover 800 (R17) Sedan
3278,Rover,Rover 200 II
3280,Rover,Rover 400 I
3282,Rover,Rover Mini
3284,Rover,Rover 800 Fastback
3286,Rover,Rover 800 Sedan
3288,Rover,Rover 200 I
3290,Rover,Rover SD1
3292,Saab,Saab 9 4X
3294,Saab,Saab 9 5 II
3296,Saab,Saab 9 3X
3298,Saab,Saab Aero X
3300,Saab,Saab 9 3 Cabrio
3302,Saab,Saab 9 7X
3304,Saab,Saab 9 3 Sport Estate
3307,Samsung,Samsung SM3
3309,Samsung,Samsung SM7
3311,Samsung,Samsung SM5
3312,Saab,Saab 9-5 Sport Sedan
3314,Saab,Saab 9 3 Sport Sedan
3316,Saab,Saab 9X
3318,Saab,Saab 9 5
3320,Saab,Saab 9-5 Wagon
3322,Saab,Saab 9 3 I Cabriolet
3324,Saab,Saab 9 3 Coupe
3326,Saab,Saab 9 3
3328,Saab,Saab 900 II Coupe
3330,Saab,Saab 9000 CD
3332,Saab,Saab 900 II Cabriolet
3334,Saab,Saab 9000 CS
3336,Saab,Saab 900 II
3338,Saab,Saab 900 Cabrio
3340,Saab,Saab 9000
3342,Saab,Saab 90
3344,Saab,Saab 900
3346,Saab,Saab 99
3348,Saab,Saab Sonett
3350,Saab,Saab 96
3352,Saab,Saab 93
3354,Saab,Saab 92
3356,Saab,Saab 9 3 Sport
3358,Santana,Santana 350
3360,Santana,Santana 300
3362,Santana,Santana Anibal
3364,Seat,Seat Mii
3366,Seat,Seat Ibiza
3368,Seat,Seat Leon
3370,Seat,Seat Arona
3372,Seat,Seat Ateca
3374,Seat,Seat Tarraco
3376,Seat,Seat Alhambra
3378,Seat,Seat Exeo
3380,Seat,Seat Altea
3382,Seat,Seat Arosa
3384,Seat,Seat Toledo
3386,Seat,Seat Cordoba
3388,Seat,Seat Marbella
3390,Seat,Seat Panda
3392,Seat,Seat Malaga
3394,Seat,Seat Fura
3396,Seat,Seat Ronda
3398,Seat,Seat 131
3400,Skoda,Skoda Citigo
3402,Skoda,Skoda Fabia
3404,Skoda,Skoda Scala
3406,Skoda,Skoda Octavia
3408,Skoda,Skoda Superb
3410,Skoda,Skoda Rapid
3412,Skoda,Skoda Yeti
3414,Skoda,Skoda Kamiq
3416,Skoda,Skoda Karoq
3418,Skoda,Skoda Kodiaq
3420,Skoda,Skoda Roomster
3422,Skoda,Skoda Scout
3424,Skoda,Skoda 105
3426,Skoda,Skoda 120
3428,Skoda,Skoda 1202
3430,Skoda,Skoda 130
3432,Skoda,Skoda 430
3434,Skoda,Skoda Favorit
3436,Skoda,Skoda Felicia
3438,Skoda,Skoda Felicia 1961
3441,Shelby,Shelby Series 1
3442,Skoda,Skoda Forman
3444,Skoda,Skoda Laura
3446,Skoda,Skoda Octavia 1962
3448,Skoda,Skoda Pickup
3450,Skoda,Skoda Rapid   120 R
3453,Simca,Simca 1100
3455,Shelby,Shelby Cobra
3456,Skoda,Skoda UVMV
3458,Skoda,Skoda Winnetou
3460,Smart,Smart ForTwo
3462,Smart,Smart ForFour
3464,Smart,Smart Roadster Coupe
3466,Smart,Smart Roadster
3468,Spyker,Spyker C12
3471,Tata,Tata Vista
3473,Tata,Tata Indica
3475,Tata,Tata Grand Safari
3477,Tata,Tata Xenon
3478,Spyker,Spyker C8
3480,Tata,Tata Indigo
3482,Tata,Tata Aria
3484,Tata,Tata Nano
3486,Ssangyong,Ssangyong Tivoli XLV
3488,Ssangyong,Ssangyong Tivoli
3490,Ssangyong,Ssangyong Rodius II
3492,Ssangyong,Ssangyong Rexton W
3494,Ssangyong,Ssangyong Korando III
3496,Ssangyong,Ssangyong Korando IV
3498,Ssangyong,Ssangyong Actyon Sports Pick Up
3500,Ssangyong,Ssangyong Rexton II
3502,Ssangyong,Ssangyong Actyon
3504,Ssangyong,Ssangyong Rodius
3506,Ssangyong,Ssangyong Kyron
3508,Ssangyong,Ssangyong Musso Sports Pick Up
3510,Ssangyong,Ssangyong Rexton I
3512,Ssangyong,Ssangyong Musso
3514,Ssangyong,Ssangyong Korando II
3516,Subaru,Subaru XV
3518,Subaru,Subaru Justy
3520,Subaru,Subaru Forester
3522,Subaru,Subaru Legacy
3524,Subaru,Subaru Impreza
3526,Subaru,Subaru XV 2018
3528,Talbot,Talbot Samba
3530,Subaru,Subaru Levorg
3532,Subaru,Subaru Outback 6
3537,Talbot,Talbot Horizon
3539,Talbot,Talbot Matra Murena
3541,Subaru,Subaru BRZ
3543,Talbot,Talbot Solara
3545,Talbot,Talbot Sunbeam
3547,Talbot,Talbot Matra Rancho
3548,Subaru,Subaru Trezia
3550,Subaru,Subaru Tribeca
3552,Subaru,Subaru Outback
3554,Subaru,Subaru R1
3557,Talbot,Talbot 1510
3559,Talbot,Talbot 1100
3560,Subaru,Subaru Vivio
3562,Subaru,Subaru SVX
3564,Subaru,Subaru XT
3566,Subaru,Subaru Rex
3568,Subaru,Subaru Leone
3571,Suzuki,Suzuki Grand Vitara
3572,Subaru,Subaru Outback IV
3574,Suzuki,Suzuki Ignis
3576,Suzuki,Suzuki Alto
3578,Suzuki,Suzuki Swift
3580,Suzuki,Suzuki Baleno
3582,Suzuki,Suzuki Across
3584,Suzuki,Suzuki Jimny 2019
3586,Suzuki,Suzuki Vitara 2019
3588,Suzuki,Suzuki S-Cross
3590,Suzuki,Suzuki Vitara 2
3592,Suzuki,Suzuki Celerio
3594,Suzuki,Suzuki SX4 S-Cross
3596,Suzuki,Suzuki Kizashi
3598,Suzuki,Suzuki Splash
3600,Suzuki,Suzuki SX4
3602,Suzuki,Suzuki Jimny
3604,Suzuki,Suzuki Liana
3606,Suzuki,Suzuki Hayabusa
3608,Suzuki,Suzuki Wagon R+ II
3610,Suzuki,Suzuki Wagon R+ I
3612,Suzuki,Suzuki Vitara Wagon
3615,Tesla,Tesla Model Y
3617,Tesla,Tesla Model 3
3619,Suzuki,Suzuki X 90
3621,Suzuki,Suzuki Vitara
3623,Suzuki,Suzuki Capuccino
3625,Suzuki,Suzuki Vitara Cabrio
3627,Suzuki,Suzuki SJ 410
3628,Tesla,Tesla Model X
3630,Tesla,Tesla Model S
3632,Tesla,Tesla Roadster
3634,Suzuki,Suzuki Kei
3636,Ultima,Ultima GTR
3638,Tvr,Tvr Sagaris
3640,Tvr,Tvr Tuscan
3642,Tvr,Tvr T350
3644,Tvr,Tvr Tamora
3646,Tvr,Tvr Griffith
3648,Tvr,Tvr Cerbera
3650,Tvr,Tvr Chimaera
3652,Tvr,Tvr S Series
3654,Tvr,Tvr 450 SEAC
3656,Tvr,Tvr 400 SE
3658,Tvr,Tvr 420 SEAC
3660,Tvr,Tvr 420 Sports Saloon
3662,Tvr,Tvr 390 SE
3664,Tvr,Tvr Tasmin
3666,Tvr,Tvr Taimar
3669,Triumph,Triumph Acclaim
3671,Triumph,Triumph Dolomite
3673,Tvr,Tvr M Series
3675,Tvr,Tvr Vixen
3677,Tvr,Tvr Tina
3679,Tvr,Tvr Trident
3681,Tvr,Tvr Grantura
3682,Triumph,Triumph TR7
3684,Triumph,Triumph TR8
3687,UMM,UMM Alter
3688,Triumph,Triumph 2000 TC
3690,Triumph,Triumph 2500
3692,Triumph,Triumph Stag
3694,Triumph,Triumph 2000 Mark 2
3696,Triumph,Triumph TR6
3698,Toyota,Toyota Aygo
3700,Toyota,Toyota Yaris
3702,UMM,UMM 490
3704,Triumph,Triumph Spitfire
3706,Triumph,Triumph TR5
3708,Triumph,Triumph GT6
3710,Toyota,Toyota Prius
3712,Toyota,Toyota Prius Plug-in
3714,Toyota,Toyota Corolla
3716,Toyota,Toyota Auris
3718,Toyota,Toyota Avensis
3721,Triumph,Triumph TR4
3723,Triumph,Triumph 2000 Mark 1
3725,Triumph,Triumph Vitesse
3727,Triumph,Triumph TR3
3729,Triumph,Triumph Herald
3731,Toyota,Toyota Camry
3733,Toyota,Toyota GT86
3735,Toyota,Toyota Supra
3737,Toyota,Toyota Urban Cruiser
3739,Toyota,Toyota RAV4
3741,Toyota,Toyota C-HR
3742,Triumph,Triumph Roadster
3744,Triumph,Triumph Model A
3746,Toyota,Toyota Land Cruiser
3748,Toyota,Toyota Hilux
3750,Toyota,Toyota Proace City
3752,Toyota,Toyota Proace Worker
3754,Toyota,Toyota Proace Verso
3756,Toyota,Toyota Cressida
3758,Toyota,Toyota Sienna
3760,Toyota,Toyota Previa
3762,Toyota,Toyota Will
3764,Toyota,Toyota Carina
3766,Toyota,Toyota Vitz
3768,Toyota,Toyota Starlet
3770,Toyota,Toyota 4Runner
3772,Toyota,Toyota Cresta
3774,Toyota,Toyota Chaser
3776,Toyota,Toyota Verso
3778,Toyota,Toyota MR2
3780,Toyota,Toyota Crown
3782,Toyota,Toyota Celica
3784,Toyota,Toyota Avalon (XX50)
3786,Toyota,Toyota FJ Cruiser 
3788,Toyota,Toyota Etios
3790,Toyota,Toyota Vios
3792,Toyota,Toyota Tarago
3794,Toyota,Toyota Sai
3796,Toyota,Toyota MarkX
3798,Toyota,Toyota iQ
3800,Toyota,Toyota Alphard
3802,Toyota,Toyota Venza
3804,Toyota,Toyota Vanguard
3806,Toyota,Toyota Blade
3808,Toyota,Toyota Porte
3810,Toyota,Toyota Passo
3812,Toyota,Toyota Noah
3814,Toyota,Toyota Kluger
3816,Toyota,Toyota Kijang V
3818,Toyota,Toyota Premio
3820,Toyota,Toyota Ist
3822,Toyota,Toyota Windom
3824,Toyota,Toyota Isis
3826,Toyota,Toyota Ractis
3828,Toyota,Toyota Wish I
3830,Toyota,Toyota Raum
3832,Toyota,Toyota Avanza
3834,Toyota,Toyota Sienta
3836,Toyota,Toyota Gaia
3838,Toyota,Toyota Voltz
3840,Toyota,Toyota Condor
3842,Toyota,Toyota Ipsum
3844,Toyota,Toyota Matrix
3846,Toyota,Toyota Soluna
3848,Toyota,Toyota Allion
3850,Toyota,Toyota Verossa
3852,Toyota,Toyota RunX
3854,Toyota,Toyota Brevis
3856,Toyota,Toyota Avalon
3858,Toyota,Toyota Pronard
3860,Toyota,Toyota Altezza
3862,Toyota,Toyota Opa
3864,Toyota,Toyota Mark II X110
3866,Toyota,Toyota Platz
3868,Toyota,Toyota Echo
3870,Toyota,Toyota Caldina
3872,Toyota,Toyota Nadia
3874,Vauxhall,Vauxhall Astra
3876,Vauxhall,Vauxhall Crossland X
3878,Vauxhall,Vauxhall Grandland X
3881,Toyota,Toyota Soarer
3883,Vauxhall,Vauxhall Insignia Grand Sport
3885,Vauxhall,Vauxhall Viva
3887,Vauxhall,Vauxhall Insignia Sports Tourer Facelift
3889,Vauxhall,Vauxhall Mokka X
3892,Toyota,Toyota Vista
3894,Toyota,Toyota Corsa
3896,Toyota,Toyota Aristo
3898,Toyota,Toyota Picnic
3900,Toyota,Toyota Curren
3902,Venturi,Venturi Fetish
3903,Vauxhall,Vauxhall Corsa Mk5 5-door
3905,Vauxhall,Vauxhall Corsa Mk5 3-door
3907,Vauxhall,Vauxhall Adam Rocks
3909,Vauxhall,Vauxhall Cascada
3910,Toyota,Toyota Paseo II
3912,Toyota,Toyota Mega Cruiser
3914,Toyota,Toyota Estima
3916,Toyota,Toyota AE86
3918,Toyota,Toyota Innova (AN40)
3920,Vauxhall,Vauxhall Adam
3922,Vauxhall,Vauxhall Insignia Country Tourer
3924,Vauxhall,Vauxhall VXR8
3926,Vauxhall,Vauxhall Monaro
3928,Vauxhall,Vauxhall VX220
3930,Vauxhall,Vauxhall VX Lightning Concept
3932,Vauxhall,Vauxhall Vectra GTS
3934,Vauxhall,Vauxhall Corsa C
3936,Vauxhall,Vauxhall Corsa B
3938,Vauxhall,Vauxhall Calibra
3940,Vauxhall,Vauxhall Nova
3942,Vauxhall,Vauxhall Nova 4-door
3944,Vauxhall,Vauxhall Viceroy
3946,Vauxhall,Vauxhall Chevette
3948,Vauxhall,Vauxhall Viva (HC) 
3950,Vauxhall,Vauxhall Royale
3952,Vauxhall,Vauxhall VX
3954,Vauxhall,Vauxhall Victor (FE)
3956,Vauxhall,Vauxhall Firenza
3958,Vauxhall,Vauxhall Magnum
3960,Vauxhall,Vauxhall Ventora
3962,Vauxhall,Vauxhall Viva (HB)
3964,Vauxhall,Vauxhall Cresta PC
3966,Vauxhall,Vauxhall Velox (PB)
3968,Vauxhall,Vauxhall Victor
3970,Vauxhall,Vauxhall Cresta E
3972,Vauxhall,Vauxhall Wyvern (E Type)
3974,Vauxhall,Vauxhall Velox/Wyvern (L-Type)
3976,Vauxhall,Vauxhall Prince Henry
3978,Volvo,Volvo S40
3980,Volvo,Volvo V40
3982,Volvo,Volvo V50
3984,Volvo,Volvo S60
3986,Volvo,Volvo V60
3988,Volvo,Volvo V70
3990,Volvo,Volvo S80
3992,Volvo,Volvo S90 - V90
3994,Volvo,Volvo XC40
3996,Volvo,Volvo XC60
3998,Volvo,Volvo XC70
4000,Volvo,Volvo XC90
4002,Volvo,Volvo C30
4004,Volvo,Volvo C70
4006,Volvo,Volvo 850
4008,Volvo,Volvo S70
4010,Volvo,Volvo 120 Amazon
4012,Volvo,Volvo 140 - 164
4014,Volvo,Volvo 200 Series
4016,Volvo,Volvo 300 Series
4018,Volvo,Volvo 400 Series
4020,Volvo,Volvo 700 Series
4022,Volvo,Volvo 900 Series
4024,Vespa,Vespa Vespa 400
4026,Volvo,Volvo 66
4028,Volvo,Volvo OV4
4030,Volvo,Volvo P1800
4032,Volvo,Volvo P1900
4034,VAZ,VAZ Lada 2107
4036,VAZ,VAZ 2105
4038,VAZ,VAZ 2104
4041,Volvo,Volvo PV 444
4043,Volvo,Volvo PV 544
4045,Volvo,Volvo PV 801
4046,VAZ,VAZ Kalina
4048,VAZ,VAZ Lada 106
4050,VAZ,VAZ Lada 112
4052,VAZ,VAZ 214
4054,VAZ,VAZ Stawra
4056,VAZ,VAZ 2120
4058,VAZ,VAZ Lada 110
4060,VAZ,VAZ Lada 1500
4062,VAZ,VAZ Lada Samara
4064,VAZ,VAZ Lada Niva
4066,VAZ,VAZ Lada 1600
4068,VAZ,VAZ Lada 1200
4070,VAZ,VAZ Lada Riva
4072,Vanden,Vanden Plas Princess
4074,Willys,Willys Ace
4076,Willys,Willys 88-6
4078,Volkswagen,Volkswagen Up!
4080,Volkswagen,Volkswagen Polo
4082,Volkswagen,Volkswagen Golf
4084,Volkswagen,Volkswagen ID.3
4086,Volkswagen,Volkswagen Jetta
4088,Volkswagen,Volkswagen Passat
4090,Volkswagen,Volkswagen Arteon
4092,Volkswagen,Volkswagen Scirocco
4094,Volkswagen,Volkswagen Beetle
4096,Volkswagen,Volkswagen T-Roc
4098,Volkswagen,Volkswagen T-Cross
4100,Volkswagen,Volkswagen Tiguan
4102,Volkswagen,Volkswagen Amarok 2017
4104,Volkswagen,Volkswagen Amarok
4106,Volkswagen,Volkswagen Touareg
4108,Volkswagen,Volkswagen Touran
4110,Volkswagen,Volkswagen Sharan
4112,Volkswagen,Volkswagen Caddy
4114,Volkswagen,Volkswagen Transporter
4116,Volkswagen,Volkswagen Crafter 2018
4118,Volkswagen,Volkswagen Fox
4120,Volkswagen,Volkswagen Lupo
4122,Volkswagen,Volkswagen Eos
4124,Volkswagen,Volkswagen Passat CC
4126,Volkswagen,Volkswagen Phaeton
4128,Volkswagen,Volkswagen W12
4130,Volkswagen,Volkswagen Derby
4132,Volkswagen,Volkswagen Corrado
4134,Volkswagen,Volkswagen Santana
4136,Volkswagen,Volkswagen Gol 1
4138,Volkswagen,Volkswagen Gol 3
4140,Volkswagen,Volkswagen Type 4
4142,Volkswagen,Volkswagen Karmann Ghia
4144,Volkswagen,Volkswagen Rabbit
4146,Volkswagen,Volkswagen Parati
4148,Volkswagen,Volkswagen SpaceFox
4150,Volkswagen,Volkswagen Magotan
4152,Volkswagen,Volkswagen Lavida
4154,Volkswagen,Volkswagen CC
4156,Volkswagen,Volkswagen Kurierwagen Trekker Thing Safari Camat
4158,Volkswagen,Volkswagen Type 3
4160,Volkswagen,Volkswagen Brasilia
4162,Volkswagen,Volkswagen K 70
4164,Volkswagen,Volkswagen SP1
4166,Zagato,Zagato Isocity
4168,Zagato,Zagato Zuma
4170,Zagato,Zagato Bambu
4172,Zagato,Zagato Ferrari
4174,Yugo,Yugo Yugo
4176,Yugo,Yugo Sana
4178,ZAZ,ZAZ Tavria
4180,ZAZ,ZAZ 968
4182,ZAZ,ZAZ 966
4184,Zastava,Zastava Yugo Florida
4186,Zastava,Zastava Yugo
