https://www.topjobs.lk/applicant/vacancybyfunctionalarea.jsp;jsessionid=A-eLz1525tqjJYPqHmie7jc5?FA=SDQ
https://www.topjobs.lk/applicant/vacancybyfunctionalarea.jsp;jsessionid=A-eLz1525tqjJYPqHmie7jc5?FA=HNS
https://www.topjobs.lk/applicant/vacancybyfunctionalarea.jsp;jsessionid=A-eLz1525tqjJYPqHmie7jc5?FA=ACA
https://www.topjobs.lk/applicant/vacancybyfunctionalarea.jsp;jsessionid=A-eLz1525tqjJYPqHmie7jc5?FA=BAF
https://www.topjobs.lk/applicant/vacancybyfunctionalarea.jsp;jsessionid=A-eLz1525tqjJYPqHmie7jc5?FA=SMM
https://www.topjobs.lk/applicant/vacancybyfunctionalarea.jsp;jsessionid=A-eLz1525tqjJYPqHmie7jc5?FA=HAT
https://www.topjobs.lk/applicant/vacancybyfunctionalarea.jsp;jsessionid=A-eLz1525tqjJYPqHmie7jc5?FA=COM
https://www.topjobs.lk/applicant/vacancybyfunctionalarea.jsp;jsessionid=A-eLz1525tqjJYPqHmie7jc5?FA=OAS
https://www.topjobs.lk/applicant/vacancybyfunctionalarea.jsp;jsessionid=A-eLz1525tqjJYPqHmie7jc5?FA=CCE
https://www.topjobs.lk/applicant/vacancybyfunctionalarea.jsp;jsessionid=A-eLz1525tqjJYPqHmie7jc5?FA=ITT
https://www.topjobs.lk/applicant/vacancybyfunctionalarea.jsp;jsessionid=A-eLz1525tqjJYPqHmie7jc5?FA=CUR
https://www.topjobs.lk/applicant/vacancybyfunctionalarea.jsp;jsessionid=A-eLz1525tqjJYPqHmie7jc5?FA=LWT
https://www.topjobs.lk/applicant/vacancybyfunctionalarea.jsp;jsessionid=A-eLz1525tqjJYPqHmie7jc5?FA=MAE
https://www.topjobs.lk/applicant/vacancybyfunctionalarea.jsp;jsessionid=A-eLz1525tqjJYPqHmie7jc5?FA=POS
https://www.topjobs.lk/applicant/vacancybyfunctionalarea.jsp;jsessionid=A-eLz1525tqjJYPqHmie7jc5?FA=MAC
https://www.topjobs.lk/applicant/vacancybyfunctionalarea.jsp;jsessionid=A-eLz1525tqjJYPqHmie7jc5?FA=HRF
https://www.topjobs.lk/applicant/vacancybyfunctionalarea.jsp;jsessionid=A-eLz1525tqjJYPqHmie7jc5?FA=HOT
https://www.topjobs.lk/applicant/vacancybyfunctionalarea.jsp;jsessionid=A-eLz1525tqjJYPqHmie7jc5?FA=SRF
https://www.topjobs.lk/applicant/vacancybyfunctionalarea.jsp;jsessionid=A-eLz1525tqjJYPqHmie7jc5?FA=MHN
https://www.topjobs.lk/applicant/vacancybyfunctionalarea.jsp;jsessionid=A-eLz1525tqjJYPqHmie7jc5?FA=LEL
https://www.topjobs.lk/applicant/vacancybyfunctionalarea.jsp;jsessionid=A-eLz1525tqjJYPqHmie7jc5?FA=SQC
https://www.topjobs.lk/applicant/vacancybyfunctionalarea.jsp;jsessionid=A-eLz1525tqjJYPqHmie7jc5?FA=APC
https://www.topjobs.lk/applicant/vacancybyfunctionalarea.jsp;jsessionid=A-eLz1525tqjJYPqHmie7jc5?FA=AIM
https://www.topjobs.lk/applicant/vacancybyfunctionalarea.jsp;jsessionid=A-eLz1525tqjJYPqHmie7jc5?FA=TAL
https://www.topjobs.lk/applicant/vacancybyfunctionalarea.jsp;jsessionid=A-eLz1525tqjJYPqHmie7jc5?FA=RLT
https://www.topjobs.lk/applicant/vacancybyfunctionalarea.jsp;jsessionid=A-eLz1525tqjJYPqHmie7jc5?FA=AGD
https://www.topjobs.lk/applicant/vacancybyfunctionalarea.jsp;jsessionid=A-eLz1525tqjJYPqHmie7jc5?FA=SEC
https://www.topjobs.lk/applicant/vacancybyfunctionalarea.jsp;jsessionid=A-eLz1525tqjJYPqHmie7jc5?FA=BEC
https://www.topjobs.lk/applicant/vacancybyfunctionalarea.jsp;jsessionid=A-eLz1525tqjJYPqHmie7jc5?FA=IDV
https://www.topjobs.lk/applicant/vacancybyfunctionalarea.jsp;jsessionid=A-eLz1525tqjJYPqHmie7jc5?FA=KPO
https://www.topjobs.lk/applicant/vacancybyfunctionalarea.jsp;jsessionid=A-eLz1525tqjJYPqHmie7jc5?FA=IME
